game_id,away,home,away_rank,home_rank,away_score,home_score,date
401575451,North Carolina Central,Kansas,NA,1,56,99,2023-11-06
401576147,Dartmouth,Duke,NA,2,54,92,2023-11-06
401577640,Samford,Purdue,NA,3,45,98,2023-11-06
401581835,James Madison,Michigan State,NA,4,79,76,2023-11-06
401577598,Northern Illinois,Marquette,NA,5,70,92,2023-11-06
401584359,Northern Arizona,UConn,NA,6,52,95,2023-11-06
401575434,UL Monroe,Houston,NA,7,31,84,2023-11-06
401575517,Tennessee Tech,Tennessee,NA,9,42,80,2023-11-06
401600255,Morgan State,Arizona,NA,12,59,122,2023-11-06
401588936,NJIT,Miami,NA,13,60,101,2023-11-06
401594524,Alcorn State,Arkansas,NA,14,59,93,2023-11-06
401575509,Texas A&M-Commerce,Texas A&M,NA,15,46,78,2023-11-06
401588940,New Mexico State,Kentucky,NA,16,46,86,2023-11-06
401597930,Cal State Fullerton,San Diego State,NA,17,57,83,2023-11-06
401583724,Incarnate Word,Texas,NA,18,56,88,2023-11-06
401583596,Radford,North Carolina,NA,19,70,86,2023-11-06
401581588,Kansas State,USC,NA,21,69,82,2023-11-06
401584356,American University,Villanova,NA,22,63,90,2023-11-06
401598037,Stanislaus State,Saint Mary's,NA,23,28,107,2023-11-06
401591429,Morehead State,Alabama,NA,24,73,105,2023-11-06
401584510,Eastern Illinois,Illinois,NA,25,52,80,2023-11-06
401594209,Spalding,IUPUI,NA,NA,63,70,2023-11-06
401610539,Saint Josephs Long Island,Hofstra,NA,NA,48,101,2023-11-06
401591565,Fort Lauderdale,Troy,NA,NA,47,92,2023-11-06
401604410,North American,Stephen F. Austin,NA,NA,68,96,2023-11-06
401598014,Kansas Christian,Prairie View A&M,NA,NA,66,89,2023-11-06
401581587,Georgia,Oregon,NA,NA,71,82,2023-11-06
401602729,Linfield College,Oregon State,NA,NA,46,82,2023-11-06
401589360,John Jay College,Pennsylvania,NA,NA,57,102,2023-11-06
401582016,Rivier,UMass Lowell,NA,NA,51,96,2023-11-06
401611539,Voorhees,South Carolina State,NA,NA,57,65,2023-11-06
401609948,Erskine,Gardner-Webb,NA,NA,58,98,2023-11-06
401604787,Piedmont,Coastal Carolina,NA,NA,86,88,2023-11-06
401604760,Champion Christian,UT Martin,NA,NA,76,104,2023-11-06
401604369,King (TN),East Tennessee State,NA,NA,56,73,2023-11-06
401602669,Mount Olive,UNC Wilmington,NA,NA,66,105,2023-11-06
401600439,Delaware State,Penn State,NA,NA,45,79,2023-11-06
401600231,Trinity Baptist,Stetson,NA,NA,54,109,2023-11-06
401599986,Johnson University Florida,Jacksonville,NA,NA,46,113,2023-11-06
401599586,North Greenville,Furman,NA,NA,68,84,2023-11-06
401597988,Clark Atlanta,Mercer,NA,NA,71,64,2023-11-06
401597920,Malone,Kent State,NA,NA,58,79,2023-11-06
401597899,St. Andrews,High Point,NA,NA,51,105,2023-11-06
401597894,Toccoa Falls,Charleston Southern,NA,NA,59,94,2023-11-06
401597830,Washington and Lee,Davidson,NA,NA,63,86,2023-11-06
401597376,Delta State,SE Louisiana,NA,NA,71,90,2023-11-06
401594578,Brevard,Wofford,NA,NA,68,85,2023-11-06
401594560,Covenant,Chattanooga,NA,NA,44,89,2023-11-06
401594482,Delaware,Bucknell,NA,NA,78,57,2023-11-06
401594423,Saint Mary-Of-The-Woods College,Indiana State,NA,NA,60,90,2023-11-06
401594401,Penn State Wilkes-Barre,Norfolk State,NA,NA,55,102,2023-11-06
401594393,Holy Cross,Siena,NA,NA,71,73,2023-11-06
401594380,Immaculata,Rider,NA,NA,67,113,2023-11-06
401594169,Cleveland State,Duquesne,NA,NA,77,79,2023-11-06
401592849,South Carolina Upstate,South Carolina,NA,NA,53,82,2023-11-06
401591550,Hampton,Howard,NA,NA,80,92,2023-11-06
401588585,Chicago State,Bowling Green,NA,NA,41,70,2023-11-06
401587184,Vassar,Yale,NA,NA,53,102,2023-11-06
401587164,Princeton,Rutgers,NA,NA,68,61,2023-11-06
401586898,Central Connecticut,Rhode Island,NA,NA,70,81,2023-11-06
401584449,Carroll (MT),Utah Valley,NA,NA,73,81,2023-11-06
401584370,Mid-Atlantic Christian,Liberty,NA,NA,43,103,2023-11-06
401584335,Coastal Georgia,North Florida,NA,NA,55,92,2023-11-06
401583759,Winthrop,Clemson,NA,NA,56,78,2023-11-06
401583744,Monmouth,George Mason,NA,NA,61,72,2023-11-06
401583607,Ferrum,East Carolina,NA,NA,61,91,2023-11-06
401583589,The Citadel,NC State,NA,NA,59,72,2023-11-06
401582026,UMBC,Louisville,NA,NA,93,94,2023-11-06
401582011,Niagara,Notre Dame,NA,NA,63,70,2023-11-06
401581854,Virginia Wesleyan,Old Dominion,NA,NA,57,71,2023-11-06
401581845,Queens University,Marshall,NA,NA,73,89,2023-11-06
401581763,North Dakota State,Western Michigan,NA,NA,80,76,2023-11-06
401581736,Massachusetts-Boston,Harvard,NA,NA,50,78,2023-11-06
401581156,Columbia,Providence,NA,NA,59,78,2023-11-06
401577715,Sarah Lawrence,Sacred Heart,NA,NA,51,95,2023-11-06
401577691,Detroit Mercy,Toledo,NA,NA,60,94,2023-11-06
401577656,Brown,Colgate,NA,NA,70,72,2023-11-06
401577647,Iona,Charleston,NA,NA,69,71,2023-11-06
401577633,Oakland,Ohio State,NA,NA,73,79,2023-11-06
401577558,Maine,Charlotte,NA,NA,52,69,2023-11-06
401577552,North Carolina A&T,Pittsburgh,NA,NA,52,100,2023-11-06
401577540,Lafayette,Saint Joseph's,NA,NA,60,81,2023-11-06
401577530,SIU Edwardsville,Dayton,NA,NA,47,63,2023-11-06
401576137,McNeese,VCU,NA,NA,76,65,2023-11-06
401575469,Missouri State,West Virginia,NA,NA,59,67,2023-11-06
401575425,Tarleton State,Virginia,NA,NA,50,80,2023-11-06
401575416,Longwood,St. Bonaventure,NA,NA,69,73,2023-11-06
401575389,VMI,Richmond,NA,NA,75,93,2023-11-06
401574603,New Hampshire,Syracuse,NA,NA,72,83,2023-11-06
401608797,Southwestern Adventist,UT Rio Grande Valley,NA,NA,59,110,2023-11-06
401602356,Dallas Christian,Northwestern State,NA,NA,54,101,2023-11-06
401598922,Manhattan,Bryant,NA,NA,61,59,2023-11-06
401598574,Cornell,Lehigh,NA,NA,84,78,2023-11-06
401594618,Georgia Southern,Georgia Tech,NA,NA,62,84,2023-11-06
401594149,Regent,William & Mary,NA,NA,29,84,2023-11-06
401593849,Maryland-Eastern Shore,Temple,NA,NA,65,85,2023-11-06
401587223,Fairleigh Dickinson,Buffalo,NA,NA,92,86,2023-11-06
401587141,Towson,Colorado,NA,NA,57,75,2023-11-06
401587126,Saint Peter's,Seton Hall,NA,NA,59,70,2023-11-06
401586889,Wagner,Fordham,NA,NA,64,68,2023-11-06
401583784,Merrimack,Vermont,NA,NA,55,67,2023-11-06
401579030,Millsaps,New Orleans,NA,NA,70,100,2023-11-06
401577681,Coast Guard,Quinnipiac,NA,NA,48,116,2023-11-06
401577582,Lipscomb,Wichita State,NA,NA,59,76,2023-11-06
401575758,Georgia State,Belmont,NA,NA,87,89,2023-11-06
401606609,North Texas-Dallas,Grambling,NA,NA,67,82,2023-11-06
401606132,Mobile,South Alabama,NA,NA,83,74,2023-11-06
401598924,Wisconsin-Stout,Milwaukee,NA,NA,73,91,2023-11-06
401598584,Southern Indiana,Saint Louis,NA,NA,63,75,2023-11-06
401598008,Texas State,Little Rock,NA,NA,66,71,2023-11-06
401597417,William Carey,Southern Miss,NA,NA,42,64,2023-11-06
401597404,Kentucky State,Southern Illinois,NA,NA,57,88,2023-11-06
401596807,Navy,Campbell,NA,NA,48,59,2023-11-06
401594601,Oral Roberts,UT Arlington,NA,NA,71,75,2023-11-06
401594542,Alabama State,Ole Miss,NA,NA,59,69,2023-11-06
401594537,Arkansas-Pine Bluff,Missouri,NA,NA,79,101,2023-11-06
401594436,Trinity Christian (IL),Valparaiso,NA,NA,61,100,2023-11-06
401594428,Midway,Murray State,NA,NA,58,91,2023-11-06
401594129,Boston University,Northeastern,NA,NA,58,67,2023-11-06
401593989,Warner Pacific,Idaho State,NA,NA,36,92,2023-11-06
401592091,Western Illinois,UTSA,NA,NA,68,78,2023-11-06
401587213,Miami (OH),Evansville,NA,NA,64,72,2023-11-06
401587204,Bradley,UAB,NA,NA,73,71,2023-11-06
401584411,Arkansas State,Wisconsin,NA,NA,76,105,2023-11-06
401584408,Mississippi Valley State,LSU,NA,NA,60,106,2023-11-06
401584384,Marist,Army,NA,NA,71,55,2023-11-06
401584349,Central Michigan,Oklahoma,NA,NA,59,89,2023-11-06
401584329,Coppin State,Virginia Tech,NA,NA,55,100,2023-11-06
401583600,Jackson State,Memphis,NA,NA,77,94,2023-11-06
401581801,Avila,Kansas City,NA,NA,48,79,2023-11-06
401581782,Jarvis Christian,Lamar,NA,NA,66,114,2023-11-06
401581162,Eastern Michigan,Butler,NA,NA,55,94,2023-11-06
401581088,Elon,Wake Forest,NA,NA,78,101,2023-11-06
401581072,Stonehill,George Washington,NA,NA,44,89,2023-11-06
401580104,Lourdes University,Illinois State,NA,NA,56,75,2023-11-06
401577605,Robert Morris,Xavier,NA,NA,63,77,2023-11-06
401576156,Fairfield,Boston College,NA,NA,70,89,2023-11-06
401575749,Loyola Maryland,Florida,NA,NA,73,93,2023-11-06
401575460,Florida International,UCF,NA,NA,62,85,2023-11-06
401575443,Green Bay,Iowa State,NA,NA,44,85,2023-11-06
401574830,Lindenwood,Nebraska,NA,NA,52,84,2023-11-06
401574616,Bethune-Cookman,Minnesota,NA,NA,60,80,2023-11-06
401574590,Binghamton,Northwestern,NA,NA,61,72,2023-11-06
401574207,Central Arkansas,Tulsa,NA,NA,53,70,2023-11-06
401597878,Life University,Austin Peay,NA,NA,72,90,2023-11-06
401598952,Kentucky Wesleyan,Western Kentucky,NA,NA,64,90,2023-11-06
401594461,Fisk,Tennessee State,NA,NA,61,76,2023-11-06
401591580,Southwestern Assemblies of God,SMU,NA,NA,63,82,2023-11-06
401587148,Northern Kentucky,Middle Tennessee,NA,NA,57,74,2023-11-06
401583776,Youngstown State,Louisiana,NA,NA,62,72,2023-11-06
401581810,Doane,Omaha,NA,NA,53,85,2023-11-06
401587109,Blue Mountain,North Alabama,NA,NA,60,93,2023-11-06
401609949,William Jessup,UC Davis,NA,NA,51,86,2023-11-06
401604330,McMurry,UTEP,NA,NA,71,120,2023-11-06
401600131,Abilene Christian,Oklahoma State,NA,NA,64,59,2023-11-06
401600092,Mount Marty College,South Dakota,NA,NA,53,85,2023-11-06
401593949,Houston Christian,BYU,NA,NA,63,110,2023-11-06
401584443,Southeast Missouri State,Grand Canyon,NA,NA,67,88,2023-11-06
401584434,Nicholls,Tulane,NA,NA,81,91,2023-11-06
401581770,St. Thomas-Minnesota,California,NA,NA,66,71,2023-11-06
401581169,Northwest Indian,Montana State,NA,NA,63,103,2023-11-06
401578009,Southern,TCU,NA,NA,75,108,2023-11-06
401577706,UIC,Cincinnati,NA,NA,58,69,2023-11-06
401590205,Akron,South Dakota State,NA,NA,81,75,2023-11-06
401597410,South Dakota Mines,Utah State,NA,NA,48,101,2023-11-06
401594029,Portland State,Air Force,NA,NA,62,55,2023-11-06
401594009,Colorado College,Northern Colorado,NA,NA,58,87,2023-11-06
401593969,Eastern Washington,Utah,NA,NA,66,101,2023-11-06
401581868,Texas Southern,New Mexico,NA,NA,55,92,2023-11-06
401602633,La Verne,Cal Poly,NA,NA,62,80,2023-11-06
401600061,Southern Utah,Cal State Bakersfield,NA,NA,72,73,2023-11-06
401598043,Bethesda University,San Francisco,NA,NA,59,128,2023-11-06
401595309,Louisiana Tech,Colorado State,NA,NA,73,81,2023-11-06
401594624,San Francisco State,California Baptist,NA,NA,57,74,2023-11-06
401576679,Concordia-Irvine,Pepperdine,NA,NA,64,76,2023-11-06
401575401,Sam Houston,Pacific,NA,NA,64,57,2023-11-06
401598565,Fresno Pacific,Fresno State,NA,NA,66,77,2023-11-06
401594109,Denver,UC San Diego,NA,NA,87,95,2023-11-06
401583836,Long Beach State,Portland,NA,NA,73,78,2023-11-06
401606991,Sonoma State,San Diego,NA,NA,64,68,2023-11-06
401594089,Cal State Northridge,Stanford,NA,NA,79,88,2023-11-06
401580926,Idaho,Washington State,NA,NA,59,84,2023-11-06
401581774,Bellarmine,Washington,NA,NA,57,91,2023-11-06
401575800,St. Francis (PA),UCLA,NA,NA,44,75,2023-11-06
401577591,Florida A&M,Creighton,NA,8,54,105,2023-11-07
401583794,Auburn,Baylor,NA,20,82,88,2023-11-07
401597429,Brescia,Jacksonville State,NA,NA,41,91,2023-11-07
401593769,Drexel,La Salle,NA,NA,61,67,2023-11-07
401581824,Oakland City,Appalachian State,NA,NA,49,87,2023-11-07
401577612,Florida Gulf Coast,Indiana,NA,NA,63,69,2023-11-07
401608975,WVU Tech,Eastern Kentucky,NA,NA,72,108,2023-11-07
401588586,Goshen,Ball State,NA,NA,40,101,2023-11-07
401587132,Stony Brook,St. John's,NA,NA,74,90,2023-11-07
401583802,Dalton,Western Carolina,NA,NA,65,106,2023-11-07
401581082,UAlbany,Massachusetts,NA,NA,71,92,2023-11-07
401577620,Mount St. Mary's,Maryland,NA,NA,53,68,2023-11-07
401575479,Le Moyne,Georgetown,NA,NA,57,94,2023-11-07
401593909,Oakwood,Kennesaw State,NA,NA,46,93,2023-11-07
401608973,Northern Iowa,North Texas,NA,NA,77,83,2023-11-07
401597398,North Dakota,Iowa,NA,NA,68,110,2023-11-07
401594069,Presbyterian,Vanderbilt,NA,NA,68,62,2023-11-07
401593829,St. Thomas (TX),Rice,NA,NA,57,101,2023-11-07
401604781,Southwestern Adventist,Texas A&M-Corpus Christi,NA,NA,46,111,2023-11-07
401601129,Northern New Mexico,Wyoming,NA,NA,56,104,2023-11-07
401577627,UNC Asheville,Michigan,NA,NA,74,99,2023-11-07
401604765,Northwest Indian,Montana,NA,NA,59,107,2023-11-07
401604386,Benedictine (AZ),Weber State,NA,NA,62,96,2023-11-07
401602689,Vanguard,Boise State,NA,NA,55,89,2023-11-07
401587157,Purdue Fort Wayne,DePaul,NA,NA,82,74,2023-11-07
401602969,UC Merced,UC Riverside,NA,NA,69,76,2023-11-07
401602182,UC Irvine,San José State,NA,NA,64,72,2023-11-07
401590947,Westcliff,Loyola Marymount,NA,NA,68,109,2023-11-07
401590735,Sacramento State,Nevada,NA,NA,63,77,2023-11-07
401597840,Florida Atlantic,Loyola Chicago,10,NA,75,62,2023-11-08
401604273,Fisher College,Bryant,NA,NA,79,140,2023-11-08
401577559,Maine-Presque Isle,Maine,NA,NA,59,111,2023-11-08
401600054,Brevard,Winthrop,NA,NA,44,98,2023-11-08
401598575,SUNY Morrisville,Cornell,NA,NA,86,107,2023-11-08
401597950,Shawnee State,Morehead State,NA,NA,40,96,2023-11-08
401597373,Goldy-Beacom,Delaware,NA,NA,68,101,2023-11-08
401594170,Defiance,Cleveland State,NA,NA,41,102,2023-11-08
401591581,Western Illinois,SMU,NA,NA,53,90,2023-11-08
401589361,Bucknell,Pennsylvania,NA,NA,61,80,2023-11-08
401587224,Penn State-Brandywine,Fairleigh Dickinson,NA,NA,63,107,2023-11-08
401586910,Canisius,Syracuse,NA,NA,77,89,2023-11-08
401574604,Curry College,New Hampshire,NA,NA,38,115,2023-11-08
401574578,Troy,Ohio,NA,NA,70,88,2023-11-08
401602187,Xavier (LA),Alcorn State,NA,NA,62,70,2023-11-08
401600250,Lincoln (MO),Saint Louis,NA,NA,66,102,2023-11-08
401597995,Mount Marty College,North Dakota State,NA,NA,66,93,2023-11-08
401597885,Texas A&M-Commerce,Texas Tech,NA,NA,46,73,2023-11-08
401594010,Northern New Mexico,Northern Colorado,NA,NA,60,81,2023-11-08
401593929,Lipscomb,Drake,NA,NA,70,85,2023-11-08
401590206,Dakota Wesleyan,South Dakota State,NA,NA,55,83,2023-11-08
401587233,Monmouth (IL),Eastern Illinois,NA,NA,45,91,2023-11-08
401604276,Sul Ross State,New Mexico State,NA,NA,49,84,2023-11-08
401583837,Lewis & Clark,Portland,NA,NA,72,89,2023-11-08
401597957,Arizona State,Mississippi State,NA,NA,56,71,2023-11-08
401598015,Prairie View A&M,Seattle U,NA,NA,60,71,2023-11-08
401597296,Southern,UNLV,NA,NA,85,71,2023-11-08
401583813,Jackson State,San Diego,NA,NA,61,87,2023-11-08
401579108,Utah Tech,Santa Clara,NA,NA,69,77,2023-11-08
401592369,Southern Indiana,Michigan State,NA,4,51,74,2023-11-09
401610179,John Brown,Baylor,NA,20,70,96,2023-11-09
401600062,Cal State Bakersfield,USC,NA,21,59,85,2023-11-09
401598038,New Mexico,Saint Mary's,NA,23,58,72,2023-11-09
401576680,Pepperdine,UC Davis,NA,NA,78,79,2023-11-09
401606715,Cheyney (PA),Morgan State,NA,NA,52,100,2023-11-09
401608781,Tarleton State,Florida International,NA,NA,82,65,2023-11-09
401604889,Point Park,Robert Morris,NA,NA,56,66,2023-11-09
401599982,Northwestern State,Tulane,NA,NA,71,88,2023-11-09
401594402,Apprentice School,Norfolk State,NA,NA,56,90,2023-11-09
401594189,St. Francis (IL),Green Bay,NA,NA,56,72,2023-11-09
401594150,American University,William & Mary,NA,NA,56,75,2023-11-09
401594070,Columbia International,Presbyterian,NA,NA,58,100,2023-11-09
401591551,Mid-Atlantic Christian,Hampton,NA,NA,46,109,2023-11-09
401590878,Virginia-Lynchburg,North Carolina Central,NA,NA,54,107,2023-11-09
401589463,Molloy,Wagner,NA,NA,48,83,2023-11-09
401588311,East Tennessee State,Elon,NA,NA,76,79,2023-11-09
401587158,Andrews University,Purdue Fort Wayne,NA,NA,34,130,2023-11-09
401584400,Army,Stonehill,NA,NA,44,57,2023-11-09
401584336,North Florida,Charleston Southern,NA,NA,81,70,2023-11-09
401583785,Worcester State,Merrimack,NA,NA,72,93,2023-11-09
401577572,South Carolina State,South Florida,NA,NA,52,96,2023-11-09
401576157,Fairfield,Rhode Island,NA,NA,80,93,2023-11-09
401575390,Christendom,VMI,NA,NA,53,87,2023-11-09
401574579,James Madison,Kent State,NA,NA,113,108,2023-11-09
401604272,Howard,Georgia Tech,NA,NA,85,88,2023-11-09
401584450,Utah Valley,Sam Houston,NA,NA,79,73,2023-11-09
401577583,Western Kentucky,Wichita State,NA,NA,61,71,2023-11-09
401604754,Champion Christian,Arkansas-Pine Bluff,NA,NA,73,116,2023-11-09
401601498,University of Health Sciences & Pharmacy,Evansville,NA,NA,46,116,2023-11-09
401597989,Mercer,Chicago State,NA,NA,66,61,2023-11-09
401594462,Kentucky State,Tennessee State,NA,NA,58,83,2023-11-09
401587149,Stephen F. Austin,Middle Tennessee,NA,NA,62,67,2023-11-09
401587142,Towson,Coppin State,NA,NA,70,49,2023-11-09
401587110,Alabama A&M,North Alabama,NA,NA,67,83,2023-11-09
401581783,Lamar,SMU,NA,NA,67,78,2023-11-09
401578010,Omaha,TCU,NA,NA,60,82,2023-11-09
401575444,Lindenwood,Iowa State,NA,NA,47,102,2023-11-09
401574831,Florida A&M,Nebraska,NA,NA,54,81,2023-11-09
401604334,North Park,SIU Edwardsville,NA,NA,67,92,2023-11-09
401600141,Life Pacific,Southern Utah,NA,NA,73,108,2023-11-09
401604331,Science & Arts (OK),UTEP,NA,NA,72,123,2023-11-09
401594592,Cal Poly,Denver,NA,NA,76,97,2023-11-09
401583734,Cal State Northridge,Idaho,NA,NA,76,73,2023-11-09
401594030,Portland State,UC Santa Barbara,NA,NA,82,76,2023-11-09
401589377,St. Francis (PA),San Francisco,NA,NA,52,84,2023-11-09
401602183,Bethesda University,San José State,NA,NA,72,117,2023-11-09
401581775,Northern Kentucky,Washington,NA,NA,67,75,2023-11-09
401575452,Manhattan,Kansas,NA,1,61,99,2023-11-10
401576148,Arizona,Duke,12,2,78,73,2023-11-10
401577641,Morehead State,Purdue,NA,3,57,87,2023-11-10
401577599,Rider,Marquette,NA,5,65,95,2023-11-10
401575518,Tennessee,Wisconsin,9,NA,80,70,2023-11-10
401587185,Yale,Gonzaga,NA,11,71,86,2023-11-10
401575461,UCF,Miami,NA,13,72,88,2023-11-10
401594525,Gardner-Webb,Arkansas,NA,14,68,86,2023-11-10
401575510,Texas A&M,Ohio State,15,NA,73,66,2023-11-10
401588943,Texas A&M-Commerce,Kentucky,NA,16,61,81,2023-11-10
401593950,San Diego State,BYU,17,NA,65,74,2023-11-10
401583725,Delaware State,Texas,NA,18,59,86,2023-11-10
401584357,Le Moyne,Villanova,NA,22,57,83,2023-11-10
401591430,Indiana State,Alabama,NA,24,80,102,2023-11-10
401584511,Oakland,Illinois,NA,25,53,64,2023-11-10
401576634,Air Force,Long Island University,NA,NA,82,67,2023-11-10
401577682,Central Connecticut,Quinnipiac,NA,NA,70,74,2023-11-10
401581589,Liberty,Charlotte,NA,NA,71,59,2023-11-10
401579029,College Of Biblical Studies,McNeese,NA,NA,55,96,2023-11-10
401586904,Kennesaw State,Florida State,NA,NA,67,94,2023-11-10
401582017,UMass Lowell,Dartmouth,NA,NA,81,48,2023-11-10
401577648,Charleston,Duquesne,NA,NA,72,90,2023-11-10
401597918,Saint Josephs Long Island,Stony Brook,NA,NA,50,91,2023-11-10
401577628,Youngstown State,Michigan,NA,NA,62,92,2023-11-10
401577606,Jacksonville,Xavier,NA,NA,56,79,2023-11-10
401577541,Pennsylvania,Saint Joseph's,NA,NA,61,69,2023-11-10
401608976,Wilberforce,Eastern Kentucky,NA,NA,75,133,2023-11-10
401597961,Boston University,Rutgers,NA,NA,45,69,2023-11-10
401594561,Chattanooga,Louisville,NA,NA,81,71,2023-11-10
401594551,South Carolina Upstate,Vanderbilt,NA,NA,67,74,2023-11-10
401593869,Ave Maria,Florida Gulf Coast,NA,NA,71,80,2023-11-10
401593809,Boston College,The Citadel,NA,NA,75,71,2023-11-10
401591566,Troy,Oregon State,NA,NA,80,81,2023-11-10
401589057,Austin Peay,George Mason,NA,NA,45,67,2023-11-10
401587165,Princeton,Hofstra,NA,NA,74,67,2023-11-10
401583847,Maryland,Davidson,NA,NA,61,64,2023-11-10
401583753,Detroit Mercy,Cincinnati,NA,NA,61,93,2023-11-10
401583590,Abilene Christian,NC State,NA,NA,64,84,2023-11-10
401581846,Marshall,Radford,NA,NA,62,66,2023-11-10
401581726,North Carolina A&T,UNC Greensboro,NA,NA,78,94,2023-11-10
401581089,Wake Forest,Georgia,NA,NA,77,80,2023-11-10
401577716,Sacred Heart,Iona,NA,NA,81,88,2023-11-10
401576138,Samford,VCU,NA,NA,65,75,2023-11-10
401575759,Belmont,Furman,NA,NA,76,99,2023-11-10
401575470,Monmouth,West Virginia,NA,NA,73,65,2023-11-10
401575426,Virginia,Florida,NA,NA,73,70,2023-11-10
401574617,Trinity (FL),Bethune-Cookman,NA,NA,46,113,2023-11-10
401574591,Binghamton,Pittsburgh,NA,NA,60,89,2023-11-10
401574580,Southern Miss,Akron,NA,NA,54,72,2023-11-10
401600440,Lehigh,Penn State,NA,NA,65,74,2023-11-10
401592092,UTSA,Minnesota,NA,NA,76,102,2023-11-10
401574208,Hendrix College,Central Arkansas,NA,NA,39,82,2023-11-10
401600113,Alabama State,Iowa,NA,NA,67,98,2023-11-10
401600093,UT Rio Grande Valley,South Dakota,NA,NA,79,100,2023-11-10
401598958,Bellarmine,Kansas State,NA,NA,75,83,2023-11-10
401594602,Mid American Christian,Oral Roberts,NA,NA,69,74,2023-11-10
401594479,Grambling,Colorado,NA,NA,63,95,2023-11-10
401594429,Tennessee Tech,Murray State,NA,NA,72,78,2023-11-10
401593970,Eastern Washington,Ole Miss,NA,NA,64,75,2023-11-10
401584429,Nicholls,LSU,NA,NA,68,66,2023-11-10
401584350,Mississippi Valley State,Oklahoma,NA,NA,43,82,2023-11-10
401583795,SE Louisiana,Auburn,NA,NA,71,86,2023-11-10
401583713,Queens University,Southern Illinois,NA,NA,68,91,2023-11-10
401581737,Harvard,Rice,NA,NA,89,76,2023-11-10
401593990,Idaho State,St. Thomas-Minnesota,NA,NA,53,54,2023-11-10
401593850,Temple,Navy,NA,NA,75,68,2023-11-10
401581163,Southeast Missouri State,Butler,NA,NA,56,91,2023-11-10
401577707,Little Rock,UIC,NA,NA,71,86,2023-11-10
401577531,Dayton,Northwestern,NA,NA,66,71,2023-11-10
401600291,Montana,Oregon,NA,NA,61,75,2023-11-10
401594210,IUPUI,Valparaiso,NA,NA,66,56,2023-11-10
401594049,Sacramento State,Stanford,NA,NA,73,91,2023-11-10
401589372,Wright State,Colorado State,NA,NA,77,105,2023-11-10
401583601,Memphis,Missouri,NA,NA,70,55,2023-11-10
401583760,Clemson,UAB,NA,NA,77,76,2023-11-10
401581590,Virginia Tech,South Carolina,NA,NA,77,79,2023-11-10
401600085,UC Riverside,Utah,NA,NA,53,82,2023-11-10
401583814,Jackson State,California Baptist,NA,NA,66,80,2023-11-10
401580927,Prairie View A&M,Washington State,NA,NA,65,83,2023-11-10
401575801,Lafayette,UCLA,NA,NA,50,68,2023-11-10
401575402,Pacific,California,NA,NA,87,79,2023-11-10
401589296,Stonehill,UConn,NA,6,67,107,2023-11-11
401575435,Texas A&M-Corpus Christi,Houston,NA,7,50,82,2023-11-11
401577592,North Dakota State,Creighton,NA,8,60,89,2023-11-11
401574586,Texas State,Miami (OH),NA,NA,75,65,2023-11-11
401577657,Loyola Maryland,Brown,NA,NA,77,75,2023-11-11
401594579,High Point,Wofford,NA,NA,98,99,2023-11-11
401574589,UL Monroe,Central Michigan,NA,NA,74,64,2023-11-11
401574587,Georgia Southern,Eastern Michigan,NA,NA,60,70,2023-11-11
401574584,Arkansas State,Bowling Green,NA,NA,75,81,2023-11-11
401586890,Cornell,Fordham,NA,NA,78,73,2023-11-11
401581073,William & Mary,George Washington,NA,NA,89,95,2023-11-11
401574588,Georgia State,Western Michigan,NA,NA,77,70,2023-11-11
401601463,UNC Wilmington,UNC Asheville,NA,NA,83,66,2023-11-11
401583608,Campbell,East Carolina,NA,NA,63,77,2023-11-11
401582012,Western Carolina,Notre Dame,NA,NA,71,61,2023-11-11
401574583,South Alabama,Buffalo,NA,NA,70,56,2023-11-11
401574582,Old Dominion,Ball State,NA,NA,68,73,2023-11-11
401597903,St. Mary's (MD),Longwood,NA,NA,43,95,2023-11-11
401604805,Incarnate Word,Tulsa,NA,NA,71,85,2023-11-11
401604793,Cairn University,Maryland-Eastern Shore,NA,NA,65,83,2023-11-11
401591575,Utah Tech,Jacksonville State,NA,NA,81,79,2023-11-11
401593770,Northeastern,La Salle,NA,NA,74,79,2023-11-11
401582027,Marist,UMBC,NA,NA,65,59,2023-11-11
401581869,Texas Southern,Arizona State,NA,NA,52,63,2023-11-11
401598976,Saint Peter's,NJIT,NA,NA,75,48,2023-11-11
401589735,Coppin State,Mount St. Mary's,NA,NA,60,74,2023-11-11
401587127,Fairleigh Dickinson,Seton Hall,NA,NA,55,85,2023-11-11
401575417,Canisius,St. Bonaventure,NA,NA,70,67,2023-11-11
401574585,Appalachian State,Northern Illinois,NA,NA,78,91,2023-11-11
401597983,UT Martin,Mississippi State,NA,NA,63,87,2023-11-11
401593930,Asbury,Lipscomb,NA,NA,74,113,2023-11-11
401581170,Montana State,Seattle U,NA,NA,68,71,2023-11-11
401579031,Southern-New Orleans,New Orleans,NA,NA,69,106,2023-11-11
401600055,Drexel,Winthrop,NA,NA,74,72,2023-11-11
401608794,UT Tyler,UT Arlington,NA,NA,64,95,2023-11-11
401587199,Ohio,Cleveland State,NA,NA,78,82,2023-11-11
401581157,Milwaukee,Providence,NA,NA,69,79,2023-11-11
401597921,Fresno State,Kent State,NA,NA,69,79,2023-11-11
401597846,Plattsburgh St,Vermont,NA,NA,41,92,2023-11-11
401597297,Stetson,UNLV,NA,NA,55,71,2023-11-11
401584389,Bucknell,Niagara,NA,NA,73,64,2023-11-11
401582139,UAlbany,Columbia,NA,NA,78,75,2023-11-11
401579109,St. Francis (PA),Santa Clara,NA,NA,59,82,2023-11-11
401574581,Louisiana,Toledo,NA,NA,78,87,2023-11-11
401611838,Southwestern Christian University,Arkansas-Pine Bluff,NA,NA,68,112,2023-11-11
401608791,North Texas-Dallas,Tarleton State,NA,NA,52,93,2023-11-11
401593789,Siena,Richmond,NA,NA,48,90,2023-11-11
401587234,Eastern Illinois,Loyola Chicago,NA,NA,65,89,2023-11-11
401587205,Utah State,Bradley,NA,NA,66,72,2023-11-11
401581811,Omaha,North Texas,NA,NA,64,75,2023-11-11
401581802,University Of Saint Mary,Kansas City,NA,NA,42,95,2023-11-11
401580105,Illinois State,Saint Louis,NA,NA,71,80,2023-11-11
401575480,Holy Cross,Georgetown,NA,NA,68,67,2023-11-11
401601130,Cal Poly,Wyoming,NA,NA,66,80,2023-11-11
401603530,New Mexico State,UC Irvine,NA,NA,74,91,2023-11-11
401597890,Long Beach State,DePaul,NA,NA,77,73,2023-11-11
401594110,San Diego,UC San Diego,NA,NA,63,69,2023-11-11
401598760,La Sierra,Cal State Fullerton,NA,NA,48,78,2023-11-11
401583597,Lehigh,North Carolina,NA,19,68,90,2023-11-12
401602630,Gardner-Webb,Baylor,NA,20,62,77,2023-11-12
401598039,Weber State,Saint Mary's,NA,23,61,57,2023-11-12
401606716,Penn State Wilkes-Barre,Morgan State,NA,NA,60,78,2023-11-12
401600448,Bryant,Rutgers,NA,NA,57,66,2023-11-12
401593971,Eastern Washington,Cincinnati,NA,NA,73,85,2023-11-12
401583848,Maryland,UAB,NA,NA,63,66,2023-11-12
401594441,Air Force,Delaware,NA,NA,57,65,2023-11-12
401575445,Idaho State,Iowa State,NA,NA,55,86,2023-11-12
401597886,San José State,Texas Tech,NA,NA,42,56,2023-11-12
401588312,Elon,North Dakota,NA,NA,68,85,2023-11-12
401587159,Texas A&M-Commerce,Purdue Fort Wayne,NA,NA,64,86,2023-11-12
401577584,Friends University,Wichita State,NA,NA,65,95,2023-11-12
401603540,Sam Houston,Oklahoma State,NA,NA,70,85,2023-11-12
401583849,Davidson,Clemson,NA,NA,65,68,2023-11-12
401600049,Carolina University,South Carolina Upstate,NA,NA,48,106,2023-11-12
401598044,San Francisco,Boise State,NA,NA,58,63,2023-11-12
401581836,Howard,James Madison,NA,NA,86,107,2023-11-12
401577560,Merrimack,Maine,NA,NA,71,65,2023-11-12
401576681,Lafayette,Pepperdine,NA,NA,53,76,2023-11-12
401598585,Chicago State,Southern Indiana,NA,NA,78,67,2023-11-12
401594473,St. Ambrose,Western Illinois,NA,NA,59,94,2023-11-12
401587135,Eastern Mennonite,Radford,NA,NA,47,84,2023-11-12
401598002,North Central,St. Thomas-Minnesota,NA,NA,54,100,2023-11-12
401594031,Linfield College,Portland State,NA,NA,53,70,2023-11-12
401590879,North Carolina Central,Georgia,NA,NA,54,64,2023-11-12
401583838,UC Riverside,Portland,NA,NA,65,76,2023-11-12
401584360,Northern Arizona,Grand Canyon,NA,NA,55,89,2023-11-12
401591555,Bard College,Columbia,NA,NA,36,86,2023-11-12
401587186,Yale,Loyola Marymount,NA,NA,83,80,2023-11-12
401574592,Keystone,Binghamton,NA,NA,50,104,2023-11-12
401587143,Robert Morris,Towson,NA,NA,62,66,2023-11-12
401577613,Army,Indiana,NA,NA,64,72,2023-11-12
401597912,UC Davis,Montana,NA,NA,65,78,2023-11-12
401581776,Nevada,Washington,NA,NA,83,76,2023-11-12
401574570,Xavier,Purdue,NA,2,71,83,2023-11-13
401600256,Southern,Arizona,NA,3,59,97,2023-11-13
401575436,Stetson,Houston,NA,6,48,79,2023-11-13
401588937,Florida International,Miami,NA,12,80,86,2023-11-13
401581855,Old Dominion,Arkansas,NA,14,77,86,2023-11-13
401584358,Villanova,Pennsylvania,21,NA,72,76,2023-11-13
401611424,Ohio Christian,Youngstown State,NA,NA,71,99,2023-11-13
401574571,Michigan,St. John's,NA,NA,89,73,2023-11-13
401604761,Brescia,UT Martin,NA,NA,72,90,2023-11-13
401602691,SUNY-Canton,Le Moyne,NA,NA,46,105,2023-11-13
401600071,Lyon,Louisiana Tech,NA,NA,43,100,2023-11-13
401597895,Johnson & Wales (NC),Charleston Southern,NA,NA,61,102,2023-11-13
401594394,Siena,American University,NA,NA,58,78,2023-11-13
401594071,The Citadel,Presbyterian,NA,NA,64,71,2023-11-13
401592101,Framingham State,Central Connecticut,NA,NA,42,99,2023-11-13
401591552,Hampton,Norfolk State,NA,NA,68,75,2023-11-13
401586905,Central Michigan,Florida State,NA,NA,67,94,2023-11-13
401584337,North Florida,South Carolina State,NA,NA,77,87,2023-11-13
401583850,Stony Brook,Duquesne,NA,NA,63,85,2023-11-13
401581164,East Tennessee State,Butler,NA,NA,47,81,2023-11-13
401577683,Quinnipiac,Massachusetts,NA,NA,81,102,2023-11-13
401577553,Florida Gulf Coast,Pittsburgh,NA,NA,74,86,2023-11-13
401576158,Mount Saint Mary (NY),Fairfield,NA,NA,45,92,2023-11-13
401575391,VMI,South Carolina,NA,NA,64,74,2023-11-13
401602357,Stephen F. Austin,Northwestern State,NA,NA,96,70,2023-11-13
401583803,Western Carolina,Middle Tennessee,NA,NA,66,64,2023-11-13
401574409,Arkansas-Pine Bluff,Central Arkansas,NA,NA,83,85,2023-11-13
401594538,SIU Edwardsville,Missouri,NA,NA,50,68,2023-11-13
401590207,South Dakota State,Kansas State,NA,NA,68,91,2023-11-13
401588587,Illinois Tech,Northern Illinois,NA,NA,55,107,2023-11-13
401587241,Hannibal-Lagrange,Lindenwood,NA,NA,52,83,2023-11-13
401579003,Champion Christian,McNeese,NA,NA,46,110,2023-11-13
401577698,Oral Roberts,Missouri State,NA,NA,69,84,2023-11-13
401574832,Rider,Nebraska,NA,NA,50,64,2023-11-13
401604782,Dallas Christian,Texas A&M-Corpus Christi,NA,NA,45,104,2023-11-13
401601134,UC Santa Barbara,UTEP,NA,NA,76,89,2023-11-13
401594111,La Verne,UC San Diego,NA,NA,57,116,2023-11-13
401581771,Cal State Bakersfield,California,NA,NA,63,83,2023-11-13
401576635,Long Island University,Pepperdine,NA,NA,53,88,2023-11-13
401575453,Kentucky,Kansas,17,1,84,89,2023-11-14
401574573,Marquette,Illinois,4,23,71,64,2023-11-14
401591369,Mississippi Valley State,UConn,NA,5,53,87,2023-11-14
401575519,Wofford,Tennessee,NA,7,61,82,2023-11-14
401574574,Iowa,Creighton,NA,8,84,92,2023-11-14
401576149,Duke,Michigan State,9,18,74,65,2023-11-14
401581349,Eastern Michigan,Florida Atlantic,NA,10,57,100,2023-11-14
401606989,Eastern Oregon,Gonzaga,NA,11,57,123,2023-11-14
401575511,Texas A&M,SMU,13,NA,79,66,2023-11-14
401581803,Kansas City,Baylor,NA,15,61,99,2023-11-14
401603531,UC Irvine,USC,NA,16,70,60,2023-11-14
401591431,South Alabama,Alabama,NA,22,46,102,2023-11-14
401594480,Milwaukee,Colorado,NA,25,79,106,2023-11-14
401597913,North Dakota State,UC Davis,NA,NA,53,68,2023-11-14
401604806,Schreiner,Incarnate Word,NA,NA,63,104,2023-11-14
401582028,Penn State-York,UMBC,NA,NA,65,84,2023-11-14
401574572,Wisconsin,Providence,NA,NA,59,72,2023-11-14
401601464,Carolina University,UNC Asheville,NA,NA,54,117,2023-11-14
401581527,Bucknell,La Salle,NA,NA,57,69,2023-11-14
401606610,Champion Christian,Grambling,NA,NA,73,113,2023-11-14
401602670,Columbia International,UNC Wilmington,NA,NA,80,116,2023-11-14
401600114,Oglethorpe,Alabama State,NA,NA,51,115,2023-11-14
401597951,Mercer,Morehead State,NA,NA,66,74,2023-11-14
401594619,Georgia Southern,Jacksonville,NA,NA,68,85,2023-11-14
401594562,Bellarmine,Chattanooga,NA,NA,64,72,2023-11-14
401594229,Depauw,Northern Kentucky,NA,NA,68,85,2023-11-14
401594211,IUPUI,Indiana State,NA,NA,57,96,2023-11-14
401593931,Lipscomb,Tennessee Tech,NA,NA,96,65,2023-11-14
401593851,Temple,Drexel,NA,NA,66,64,2023-11-14
401590880,Mid-Atlantic Christian,North Carolina Central,NA,NA,50,113,2023-11-14
401589378,St. Francis (PA),Penn State,NA,NA,53,83,2023-11-14
401588589,Oakland City,Ball State,NA,NA,51,92,2023-11-14
401588588,Bowling Green,Oakland,NA,NA,62,81,2023-11-14
401586911,Colgate,Syracuse,NA,NA,75,79,2023-11-14
401586899,Wagner,Rhode Island,NA,NA,53,69,2023-11-14
401583714,High Point,Queens University,NA,NA,72,74,2023-11-14
401581738,Northeastern,Harvard,NA,NA,56,80,2023-11-14
401581074,Hofstra,George Washington,NA,NA,60,71,2023-11-14
401577717,Sacred Heart,Holy Cross,NA,NA,84,77,2023-11-14
401577692,Toledo,Wright State,NA,NA,78,77,2023-11-14
401577542,Stonehill,Saint Joseph's,NA,NA,56,100,2023-11-14
401575750,Florida A&M,Florida,NA,NA,68,89,2023-11-14
401575471,Jacksonville State,West Virginia,NA,NA,57,70,2023-11-14
401575427,North Carolina A&T,Virginia,NA,NA,51,80,2023-11-14
401574605,Brown,New Hampshire,NA,NA,64,82,2023-11-14
401601456,Heidelberg,Akron,NA,NA,56,114,2023-11-14
401597962,Boston University,Howard,NA,NA,53,64,2023-11-14
401587111,North Alabama,Mississippi State,NA,NA,54,81,2023-11-14
401582018,UMass Lowell,Georgia Tech,NA,NA,74,71,2023-11-14
401579098,Mississippi College,Samford,NA,NA,52,96,2023-11-14
401575760,Berry,Belmont,NA,NA,59,93,2023-11-14
401608974,Loras,Northern Iowa,NA,NA,50,90,2023-11-14
401598586,Tiffin,Southern Indiana,NA,NA,65,68,2023-11-14
401598016,Prairie View A&M,Abilene Christian,NA,NA,79,74,2023-11-14
401597879,Fisk,Austin Peay,NA,NA,52,79,2023-11-14
401594610,Alcorn State,Arkansas State,NA,NA,86,100,2023-11-14
401594552,UNC Greensboro,Vanderbilt,NA,NA,70,74,2023-11-14
401594543,Detroit Mercy,Ole Miss,NA,NA,69,70,2023-11-14
401594430,Western Kentucky,Murray State,NA,NA,86,81,2023-11-14
401594418,Southwest Minnesota State,Drake,NA,NA,67,87,2023-11-14
401594190,Green Bay,Valparaiso,NA,NA,59,64,2023-11-14
401594011,Colorado State,Northern Colorado,NA,NA,83,64,2023-11-14
401587206,Tarleton State,Bradley,NA,NA,63,86,2023-11-14
401584351,Texas State,Oklahoma,NA,NA,54,93,2023-11-14
401581784,UTSA,Lamar,NA,NA,82,90,2023-11-14
401581719,Western Michigan,Northwestern,NA,NA,59,63,2023-11-14
401579004,LeTourneau,McNeese,NA,NA,49,81,2023-11-14
401578011,UT Rio Grande Valley,TCU,NA,NA,55,88,2023-11-14
401577708,UIC,Loyola Chicago,NA,NA,72,67,2023-11-14
401594090,Cal State Northridge,Chicago State,NA,NA,74,64,2023-11-14
401591567,Reinhardt,Troy,NA,NA,46,111,2023-11-14
401604277,Western New Mexico,New Mexico State,NA,NA,43,78,2023-11-14
401597891,South Dakota,DePaul,NA,NA,60,72,2023-11-14
401597411,Southern Utah,Utah State,NA,NA,84,93,2023-11-14
401583735,Evergreen State,Idaho,NA,NA,42,88,2023-11-14
401579110,Santa Clara,Stanford,NA,NA,89,77,2023-11-14
401594050,Pacific Union,Sacramento State,NA,NA,66,128,2023-11-14
401597931,Long Beach State,San Diego State,NA,NA,76,88,2023-11-14
401583815,Jackson State,Loyola Marymount,NA,NA,66,88,2023-11-14
401581825,Appalachian State,Oregon State,NA,NA,71,81,2023-11-14
401609478,Hawai'i Hilo,Hawai'i,NA,NA,66,82,2023-11-14
401583726,Rice,Texas,NA,19,64,80,2023-11-15
401584330,Campbell,Virginia Tech,NA,NA,44,60,2023-11-15
401582140,UAlbany,Seton Hall,NA,NA,71,96,2023-11-15
401610799,Denver,Nicholls,NA,NA,91,85,2023-11-15
401600240,Westfield State,Dartmouth,NA,NA,61,79,2023-11-15
401600080,Roberts Wesleyan,Buffalo,NA,NA,83,89,2023-11-15
401597374,Delaware,Delaware State,NA,NA,78,67,2023-11-15
401594171,Canisius,Cleveland State,NA,NA,61,71,2023-11-15
401593910,Keiser,Kennesaw State,NA,NA,55,101,2023-11-15
401593790,Richmond,Boston College,NA,NA,61,68,2023-11-15
401591556,SUNY Delhi,Columbia,NA,NA,60,105,2023-11-15
401589736,Coppin State,Louisville,NA,NA,41,61,2023-11-15
401587225,Saint Peter's,Fairleigh Dickinson,NA,NA,70,71,2023-11-15
401587166,Princeton,Duquesne,NA,NA,70,67,2023-11-15
401584451,Utah Valley,Charlotte,NA,NA,45,62,2023-11-15
401583609,South Carolina Upstate,East Carolina,NA,NA,83,81,2023-11-15
401577634,Merrimack,Ohio State,NA,NA,52,76,2023-11-15
401577573,Central Michigan,South Florida,NA,NA,68,63,2023-11-15
401576139,Radford,VCU,NA,NA,50,73,2023-11-15
401574593,Binghamton,Loyola Maryland,NA,NA,63,57,2023-11-15
401589058,Cornell,George Mason,NA,NA,83,90,2023-11-15
401587214,Evansville,Southeast Missouri State,NA,NA,76,57,2023-11-15
401574618,Trinity Baptist,Bethune-Cookman,NA,NA,63,104,2023-11-15
401608789,Science & Arts (OK),Texas A&M-Commerce,NA,NA,63,113,2023-11-15
401608782,Florida International,Houston Christian,NA,NA,83,74,2023-11-15
401600452,Louisiana Christian,Louisiana,NA,NA,56,107,2023-11-15
401597904,Longwood,Maryland-Eastern Shore,NA,NA,80,61,2023-11-15
401597418,Xavier (LA),Southern Miss,NA,NA,45,76,2023-11-15
401580106,Eastern Illinois,Illinois State,NA,NA,61,69,2023-11-15
401574833,Stony Brook,Nebraska,NA,NA,63,84,2023-11-15
401574575,Georgetown,Rutgers,NA,NA,60,71,2023-11-15
401593951,SE Louisiana,BYU,NA,NA,48,105,2023-11-15
401583839,Tennessee State,Portland,NA,NA,75,65,2023-11-15
401584361,Northern Arizona,Seattle U,NA,NA,62,60,2023-11-15
401575802,Long Island University,UCLA,NA,NA,58,78,2023-11-15
401575403,Pacific,Nevada,NA,NA,39,88,2023-11-15
401598566,Morgan State,Fresno State,NA,NA,68,87,2023-11-15
401581343,Houston,Towson,6,NA,65,49,2023-11-16
401581142,Charleston,Vermont,NA,NA,64,73,2023-11-16
401581341,St. John's,North Texas,NA,NA,53,52,2023-11-16
401600063,Saint Katherine,Cal State Bakersfield,NA,NA,44,77,2023-11-16
401581143,Saint Louis,Wyoming,NA,NA,79,69,2023-11-16
401577561,Northwestern State,Maine,NA,NA,65,78,2023-11-16
401581342,Dayton,LSU,NA,NA,70,67,2023-11-16
401581144,Wichita State,Coastal Carolina,NA,NA,86,77,2023-11-16
401604335,Denver,SIU Edwardsville,NA,NA,74,77,2023-11-16
401577658,Rhode Island College,Brown,NA,NA,51,92,2023-11-16
401582156,Oklahoma State,St. Bonaventure,NA,NA,64,66,2023-11-16
401581812,Lindenwood,Air Force,NA,NA,58,76,2023-11-16
401607045,North Greenville,The Citadel,NA,NA,59,77,2023-11-16
401600817,SUNY Oneonta,Lehigh,NA,NA,65,90,2023-11-16
401598923,Felician,Manhattan,NA,NA,67,79,2023-11-16
401597963,Bryant,Boston University,NA,NA,79,95,2023-11-16
401597382,NJIT,American University,NA,NA,73,87,2023-11-16
401594468,Midway,Tennessee Tech,NA,NA,70,82,2023-11-16
401584338,Presbyterian,North Florida,NA,NA,81,69,2023-11-16
401581145,Furman,Liberty,NA,NA,74,88,2023-11-16
401577614,Wright State,Indiana,NA,NA,80,89,2023-11-16
401575462,Cal State Fullerton,UCF,NA,NA,44,72,2023-11-16
401575428,Texas Southern,Virginia,NA,NA,33,62,2023-11-16
401581861,Louisiana Tech,UL Monroe,NA,NA,73,63,2023-11-16
401597887,Texas A&M-Corpus Christi,Texas Tech,NA,NA,64,73,2023-11-16
401597872,Alcorn State,UAB,NA,NA,77,80,2023-11-16
401597405,Chicago State,Southern Illinois,NA,NA,55,71,2023-11-16
401597399,Valley City,North Dakota,NA,NA,63,93,2023-11-16
401584435,Nicholls,South Alabama,NA,NA,102,97,2023-11-16
401583816,Jackson State,Tulsa,NA,NA,52,72,2023-11-16
401606631,UT Arlington,New Mexico,NA,NA,80,82,2023-11-16
401594539,Missouri,Minnesota,NA,NA,70,68,2023-11-16
401593991,Northwest University,Idaho State,NA,NA,51,85,2023-11-16
401582155,Auburn,Notre Dame,NA,NA,83,59,2023-11-16
401582019,UMass Lowell,Arizona State,NA,NA,69,71,2023-11-16
401581814,William & Mary,Omaha,NA,NA,83,89,2023-11-16
401581344,Utah,Wake Forest,NA,NA,77,70,2023-11-16
401597996,North Dakota State,Montana,NA,NA,78,69,2023-11-16
401581171,Montana State,California,NA,NA,63,60,2023-11-16
401613299,Niagara,Hawai'i,NA,NA,73,92,2023-11-16
401607319,Belmont,Arizona,NA,3,68,100,2023-11-17
401581548,Houston,Utah,6,NA,76,66,2023-11-17
401576150,Bucknell,Duke,NA,9,60,90,2023-11-17
401581515,Georgia,Miami,NA,12,68,79,2023-11-17
401575512,Oral Roberts,Texas A&M,NA,13,66,74,2023-11-17
401594526,UNC Greensboro,Arkansas,NA,14,78,72,2023-11-17
401588944,Stonehill,Kentucky,NA,17,67,101,2023-11-17
401574577,Butler,Michigan State,NA,18,54,74,2023-11-17
401583598,UC Riverside,North Carolina,NA,20,52,77,2023-11-17
401574576,Maryland,Villanova,NA,21,40,57,2023-11-17
401591432,Mercer,Alabama,NA,22,67,98,2023-11-17
401584512,Valparaiso,Illinois,NA,23,64,87,2023-11-17
401581837,Radford,James Madison,NA,24,73,76,2023-11-17
401577718,Sacred Heart,UMBC,NA,NA,80,85,2023-11-17
401581546,North Texas,LSU,NA,NA,62,66,2023-11-17
401582110,Vermont,Saint Louis,NA,NA,78,68,2023-11-17
401582120,Norfolk State,Fordham,NA,NA,64,77,2023-11-17
401601459,Northern Illinois,Georgia State,NA,NA,70,64,2023-11-17
401581545,St. John's,Dayton,NA,NA,81,88,2023-11-17
401575392,VMI,South Dakota,NA,NA,81,85,2023-11-17
401582113,Charleston,Wyoming,NA,NA,60,67,2023-11-17
401582121,Abilene Christian,San José State,NA,NA,77,71,2023-11-17
401606133,Denver,South Alabama,NA,NA,75,82,2023-11-17
401594091,Life Pacific,Cal State Northridge,NA,NA,67,98,2023-11-17
401581813,Lindenwood,Omaha,NA,NA,72,70,2023-11-17
401581509,Weber State,Gardner-Webb,NA,NA,61,62,2023-11-17
401577562,Maine,Presbyterian,NA,NA,80,66,2023-11-17
401584362,Purdue Fort Wayne,Northern Arizona,NA,NA,77,67,2023-11-17
401582157,Notre Dame,Oklahoma State,NA,NA,66,64,2023-11-17
401597978,Holy Cross,Winthrop,NA,NA,51,89,2023-11-17
401577684,Quinnipiac,Army,NA,NA,67,58,2023-11-17
401604419,Delaware State,Grambling,NA,NA,71,63,2023-11-17
401582122,Hampton,Kent State,NA,NA,62,100,2023-11-17
401581510,Colgate,Yale,NA,NA,50,68,2023-11-17
401581158,Providence,Kansas State,NA,NA,70,73,2023-11-17
401594151,William & Mary,Air Force,NA,NA,71,80,2023-11-17
401583778,Utah Tech,Youngstown State,NA,NA,68,75,2023-11-17
401582112,Coastal Carolina,Furman,NA,NA,80,89,2023-11-17
401604762,UT Martin,Eastern Kentucky,NA,NA,80,74,2023-11-17
401604346,SIU Edwardsville,Nicholls,NA,NA,60,51,2023-11-17
401597952,Morehead State,Penn State,NA,NA,51,74,2023-11-17
401597831,Davidson,East Tennessee State,NA,NA,68,70,2023-11-17
401594051,Sacramento State,Tulane,NA,NA,57,92,2023-11-17
401588729,Coppin State,Miami (OH),NA,NA,48,76,2023-11-17
401588590,Bellarmine,Bowling Green,NA,NA,85,67,2023-11-17
401584412,Robert Morris,Wisconsin,NA,NA,68,78,2023-11-17
401584339,Northwestern State,North Florida,NA,NA,74,80,2023-11-17
401583851,Rider,Duquesne,NA,NA,58,77,2023-11-17
401583591,Charleston Southern,NC State,NA,NA,53,87,2023-11-17
401582158,Auburn,St. Bonaventure,NA,NA,77,60,2023-11-17
401581547,Towson,Wake Forest,NA,NA,61,71,2023-11-17
401581083,Harvard,Massachusetts,NA,NA,78,75,2023-11-17
401577629,Long Beach State,Michigan,NA,NA,94,86,2023-11-17
401577554,Jacksonville,Pittsburgh,NA,NA,56,107,2023-11-17
401577543,Texas A&M-Commerce,Saint Joseph's,NA,NA,57,54,2023-11-17
401576159,Fairfield,Drexel,NA,NA,47,65,2023-11-17
401575751,Florida State,Florida,NA,NA,68,89,2023-11-17
401574410,Central Arkansas,Vanderbilt,NA,NA,71,75,2023-11-17
401598003,Cal Poly,St. Thomas-Minnesota,NA,NA,61,60,2023-11-17
401594212,IUPUI,Elon,NA,NA,72,86,2023-11-17
401579099,South Carolina State,Samford,NA,NA,72,89,2023-11-17
401598925,Luther,Milwaukee,NA,NA,56,85,2023-11-17
401594611,Arkansas State,Iowa,NA,NA,74,88,2023-11-17
401594474,Southern,Western Illinois,NA,NA,80,88,2023-11-17
401584352,UT Rio Grande Valley,Oklahoma,NA,NA,66,90,2023-11-17
401583602,Alabama State,Memphis,NA,NA,75,92,2023-11-17
401578012,Mississippi Valley State,TCU,NA,NA,52,86,2023-11-17
401577699,Missouri State,Florida Gulf Coast,NA,NA,70,61,2023-11-17
401592093,UTSA,Texas State,NA,NA,62,72,2023-11-17
401597880,Austin Peay,UTEP,NA,NA,63,71,2023-11-17
401594544,Sam Houston,Ole Miss,NA,NA,67,70,2023-11-17
401594463,Tennessee State,Oregon,NA,NA,67,92,2023-11-17
401593972,Eastern Washington,Stanford,NA,NA,70,95,2023-11-17
401584444,San Francisco,Grand Canyon,NA,NA,72,76,2023-11-17
401583736,Pacific Lutheran,Idaho,NA,NA,52,96,2023-11-17
401582111,Wichita State,Liberty,NA,NA,66,83,2023-11-17
401581804,Kansas City,Colorado State,NA,NA,61,84,2023-11-17
401588731,Saint Mary's,San Diego State,NA,NA,54,79,2023-11-17
401603532,Occidental,UC Irvine,NA,NA,51,111,2023-11-17
401602692,Le Moyne,San Diego,NA,NA,71,80,2023-11-17
401594032,Portland State,California Baptist,NA,NA,66,63,2023-11-17
401576682,UNLV,Pepperdine,NA,NA,82,68,2023-11-17
401592850,South Carolina,DePaul,NA,NA,73,68,2023-11-17
401588732,Washington,Xavier,NA,NA,74,71,2023-11-17
401594012,Northern Colorado,New Mexico State,NA,NA,NA,NA,2023-11-18
401593952,Morgan State,BYU,NA,NA,NA,NA,2023-11-18
401588310,Portland,Nevada,NA,NA,NA,NA,2023-11-18
401594012,Jacksonville State,North Alabama,NA,NA,59,61,2023-11-18
401593952,Incarnate Word,Arkansas-Pine Bluff,NA,NA,100,81,2023-11-18
401588310,Texas Southern,Creighton,NA,8,50,82,2023-11-18
401587112,Bryant,Florida Atlantic,NA,10,61,52,2023-11-18
401604756,Loyola Maryland,Sacred Heart,NA,NA,51,66,2023-11-18
401577593,Wagner,Seton Hall,NA,NA,51,72,2023-11-18
401600915,Washington State,Mississippi State,NA,NA,64,76,2023-11-18
401577719,Mount St. Mary's,Georgetown,NA,NA,72,83,2023-11-18
401587128,Alabama A&M,Lipscomb,NA,NA,81,106,2023-11-18
401580928,Columbia,Temple,NA,NA,78,73,2023-11-18
401575482,Cleveland State,Eastern Michigan,NA,NA,62,69,2023-11-18
401593932,New Hampshire,George Washington,NA,NA,67,79,2023-11-18
401591557,VMI,Northern Arizona,NA,NA,69,78,2023-11-18
401581350,Virginia-Lynchburg,UNC Asheville,NA,NA,59,114,2023-11-18
401574606,Northern Illinois,Little Rock,NA,NA,98,93,2023-11-18
401601486,South Carolina Upstate,Minnesota,NA,NA,53,67,2023-11-18
401601465,Presbyterian,Northwestern State,NA,NA,78,75,2023-11-18
401600082,Southern Indiana,La Salle,NA,NA,78,79,2023-11-18
401600050,Penn State-Schuylkill,Fairleigh Dickinson,NA,NA,66,124,2023-11-18
401594072,Ball State,Evansville,NA,NA,50,74,2023-11-18
401593771,Utah Tech,Lake Erie,NA,NA,81,69,2023-11-18
401587226,Detroit Mercy,Ohio,NA,NA,52,71,2023-11-18
401587215,Princeton,Monmouth,NA,NA,82,57,2023-11-18
401584390,Seattle U,VCU,NA,NA,56,60,2023-11-18
401583754,Northwestern,Rhode Island,NA,NA,72,61,2023-11-18
401583745,North Carolina Central,Longwood,NA,NA,66,73,2023-11-18
401576140,Norfolk State,San José State,NA,NA,53,77,2023-11-18
401581591,Coppin State,Eastern Illinois,NA,NA,46,48,2023-11-18
401597905,Marist,Binghamton,NA,NA,59,82,2023-11-18
401582125,Pennsylvania,Maryland-Eastern Shore,NA,NA,80,83,2023-11-18
401587235,Gardner-Webb,Colgate,NA,NA,52,59,2023-11-18
401574594,New Orleans,Loyola Chicago,NA,NA,70,73,2023-11-18
401589362,McNeese,Western Carolina,NA,NA,74,76,2023-11-18
401581514,Oregon State,Nebraska,NA,NA,63,84,2023-11-18
401579032,Purdue Fort Wayne,South Dakota,NA,NA,93,81,2023-11-18
401579005,Winthrop,IUPUI,NA,NA,74,61,2023-11-18
401574834,Harvard,Boston College,NA,NA,64,73,2023-11-18
401601487,Maine,North Florida,NA,NA,58,67,2023-11-18
401594213,Lamar,Pacific,NA,NA,76,77,2023-11-18
401581739,Cal Poly,Portland State,NA,NA,57,73,2023-11-18
401577563,Hampton,Florida Gulf Coast,NA,NA,92,85,2023-11-18
401575404,Howard,Rutgers,NA,NA,63,85,2023-11-18
401594033,Milligan,Middle Tennessee,NA,NA,62,88,2023-11-18
401582126,Queens University,Fairfield,NA,NA,69,63,2023-11-18
401600449,Yale,Weber State,NA,NA,65,75,2023-11-18
401587150,Navy,UC San Diego,NA,NA,55,73,2023-11-18
401576160,Elon,Holy Cross,NA,NA,83,69,2023-11-18
401581513,Kentucky State,Western Kentucky,NA,NA,75,95,2023-11-18
401594112,St. Thomas-Minnesota,California Baptist,NA,NA,62,66,2023-11-18
401597979,SE Louisiana,Santa Clara,NA,NA,63,65,2023-11-18
401600257,UT Arlington,Arizona,NA,3,56,101,2023-11-19
401591374,UConn,Indiana,5,NA,77,57,2023-11-19
401581549,Dayton,Houston,NA,6,55,69,2023-11-19
401581517,Kansas State,Miami,NA,12,83,91,2023-11-19
401577659,Brown,USC,NA,16,70,81,2023-11-19
401592370,Alcorn State,Michigan State,NA,18,49,81,2023-11-19
401591375,Texas,Louisville,19,NA,81,80,2023-11-19
401584513,Southern,Illinois,NA,23,60,88,2023-11-19
401582116,Wyoming,Furman,NA,NA,78,71,2023-11-19
401581533,Oakland,Drake,NA,NA,77,85,2023-11-19
401597419,Southern Miss,Utah Valley,NA,NA,65,67,2023-11-19
401594214,Holy Cross,IUPUI,NA,NA,74,61,2023-11-19
401581516,Providence,Georgia,NA,NA,71,64,2023-11-19
401581552,North Texas,Towson,NA,NA,65,39,2023-11-19
401606134,SIU Edwardsville,South Alabama,NA,NA,74,86,2023-11-19
401602709,Wilkes University,Lafayette,NA,NA,53,69,2023-11-19
401598017,UT Martin,Prairie View A&M,NA,NA,66,78,2023-11-19
401592102,Manhattan,Central Connecticut,NA,NA,67,63,2023-11-19
401587236,Eastern Illinois,Miami (OH),NA,NA,64,76,2023-11-19
401583761,Boise State,Clemson,NA,NA,68,85,2023-11-19
401582129,Loyola Maryland,UMBC,NA,NA,79,94,2023-11-19
401582117,Charleston,Coastal Carolina,NA,NA,80,72,2023-11-19
401581593,Northwestern,Mississippi State,NA,NA,57,66,2023-11-19
401581511,Weber State,Colgate,NA,NA,55,57,2023-11-19
401575446,Grambling,Iowa State,NA,NA,37,92,2023-11-19
401587242,Lindenwood,William & Mary,NA,NA,71,60,2023-11-19
401581534,Loyola Marymount,Stephen F. Austin,NA,NA,76,86,2023-11-19
401600081,Little Rock,Georgia State,NA,NA,77,88,2023-11-19
401594469,Tennessee Tech,Chattanooga,NA,NA,63,68,2023-11-19
401594230,Northern Kentucky,Cincinnati,NA,NA,66,90,2023-11-19
401583715,Queens University,Drexel,NA,NA,52,62,2023-11-19
401583610,Northeastern,East Carolina,NA,NA,82,76,2023-11-19
401577685,UAlbany,Quinnipiac,NA,NA,82,85,2023-11-19
401600056,Elon,Winthrop,NA,NA,70,78,2023-11-19
401598576,Cornell,Cal State Fullerton,NA,NA,88,70,2023-11-19
401583779,Lake Erie,Youngstown State,NA,NA,57,79,2023-11-19
401581550,LSU,Wake Forest,NA,NA,86,80,2023-11-19
401581512,Yale,Gardner-Webb,NA,NA,71,70,2023-11-19
401581592,Rhode Island,Washington State,NA,NA,57,78,2023-11-19
401587243,Omaha,Air Force,NA,NA,56,58,2023-11-19
401577635,Western Michigan,Ohio State,NA,NA,56,73,2023-11-19
401601488,DePaul,San Francisco,NA,NA,54,70,2023-11-19
401575483,American University,Georgetown,NA,NA,83,88,2023-11-19
401593911,Kennesaw State,Georgia Southern,NA,NA,96,92,2023-11-19
401584331,Wofford,Virginia Tech,NA,NA,76,98,2023-11-19
401581535,Marshall,Utah State,NA,NA,60,83,2023-11-19
401577709,Aurora,UIC,NA,NA,48,99,2023-11-19
401577574,Northern Iowa,South Florida,NA,NA,65,74,2023-11-19
401601479,Charlotte,George Mason,NA,NA,54,49,2023-11-19
401594034,Portland State,St. Thomas-Minnesota,NA,NA,70,76,2023-11-19
401582114,Vermont,Liberty,NA,NA,61,71,2023-11-19
401582123,Fordham,Abilene Christian,NA,NA,45,59,2023-11-19
401583817,Jackson State,Missouri,NA,NA,73,72,2023-11-19
401581551,St. John's,Utah,NA,NA,91,82,2023-11-19
401601489,South Carolina,Grand Canyon,NA,NA,75,68,2023-11-19
401601493,Xavier,Saint Mary's,NA,NA,66,49,2023-11-19
401581536,Florida International,Akron,NA,NA,71,77,2023-11-19
401594626,Cal Poly,California Baptist,NA,NA,58,67,2023-11-19
401590208,UCF,South Dakota State,NA,NA,83,80,2023-11-19
401582124,Kent State,Missouri State,NA,NA,52,56,2023-11-19
401582115,Saint Louis,Wichita State,NA,NA,69,88,2023-11-19
401601492,Washington,San Diego State,NA,NA,97,100,2023-11-19
401601135,Le Moyne,UC Santa Barbara,NA,NA,72,96,2023-11-19
401575875,Kansas,Chaminade,1,NA,83,56,2023-11-20
401575874,Purdue,Gonzaga,2,11,73,63,2023-11-20
401575876,UCLA,Marquette,NA,4,69,71,2023-11-20
401601491,UConn,Texas,5,15,81,71,2023-11-20
401575873,Tennessee,Syracuse,7,NA,73,56,2023-11-20
401577544,Saint Joseph's,Kentucky,NA,16,88,96,2023-11-20
401593791,Colorado,Richmond,18,NA,64,59,2023-11-20
401575429,Wisconsin,Virginia,NA,24,65,41,2023-11-20
401581573,High Point,Iona,NA,NA,82,68,2023-11-20
401581539,Oakland,Loyola Marymount,NA,NA,74,69,2023-11-20
401601481,Cal State Fullerton,Southern Miss,NA,NA,74,67,2023-11-20
401594395,Siena,Central Michigan,NA,NA,56,70,2023-11-20
401582149,Norfolk State,Florida Gulf Coast,NA,NA,69,66,2023-11-20
401594431,Murray State,UNC Wilmington,NA,NA,81,83,2023-11-20
401581537,Drake,Stephen F. Austin,NA,NA,68,92,2023-11-20
401580107,Illinois State,Long Beach State,NA,NA,61,52,2023-11-20
401598926,Milwaukee,Stetson,NA,NA,67,85,2023-11-20
401601482,Cornell,Utah Valley,NA,NA,74,61,2023-11-20
401604306,Sacramento State,Cal State Bakersfield,NA,NA,71,75,2023-11-20
401593912,Northeastern,Kennesaw State,NA,NA,77,79,2023-11-20
401582150,San José State,Hampton,NA,NA,71,52,2023-11-20
401593992,The Citadel,Idaho State,NA,NA,62,61,2023-11-20
401601490,Indiana,Louisville,NA,NA,74,66,2023-11-20
401581574,Wright State,Louisiana,NA,NA,91,85,2023-11-20
401581540,Marshall,Florida International,NA,NA,80,69,2023-11-20
401604305,Tarleton State,Austin Peay,NA,NA,66,59,2023-11-20
401586906,Florida State,UNLV,NA,NA,83,75,2023-11-20
401582128,Fordham,Kent State,NA,NA,72,79,2023-11-20
401601483,South Dakota State,George Mason,NA,NA,71,73,2023-11-20
401583611,Georgia Southern,East Carolina,NA,NA,64,82,2023-11-20
401597953,Morehead State,Bellarmine,NA,NA,64,51,2023-11-20
401583852,Rider,Stony Brook,NA,NA,48,55,2023-11-20
401604274,Howard,Bryant,NA,NA,61,67,2023-11-20
401603544,Delaware State,NJIT,NA,NA,72,81,2023-11-20
401591568,Sam Houston,Troy,NA,NA,88,86,2023-11-20
401590882,North Carolina Central,Campbell,NA,NA,78,75,2023-11-20
401589379,Pittsburgh - Greensburg,St. Francis (PA),NA,NA,63,77,2023-11-20
401582020,UMass Lowell,Saint Peter's,NA,NA,69,61,2023-11-20
401581529,Southern Indiana,Bucknell,NA,NA,56,67,2023-11-20
401574619,Charleston Southern,Bethune-Cookman,NA,NA,73,79,2023-11-20
401608798,North American,UT Rio Grande Valley,NA,NA,73,92,2023-11-20
401594249,D'Youville,Canisius,NA,NA,69,109,2023-11-20
401581862,Ecclesia,UL Monroe,NA,NA,74,103,2023-11-20
401581575,Buffalo,Hofstra,NA,NA,68,102,2023-11-20
401581538,Utah State,Akron,NA,NA,65,62,2023-11-20
401574411,Central Arkansas,Southeast Missouri State,NA,NA,68,70,2023-11-20
401606712,South Carolina State,Tulsa,NA,NA,70,90,2023-11-20
401598898,Oregon,Florida A&M,NA,NA,67,54,2023-11-20
401597997,Wisconsin-Stout,North Dakota State,NA,NA,72,101,2023-11-20
401594464,Midway,Tennessee State,NA,NA,70,87,2023-11-20
401592094,UTSA,Houston Christian,NA,NA,89,87,2023-11-20
401589297,Stonehill,Texas A&M-Commerce,NA,NA,86,97,2023-11-20
401579033,New Orleans,Oklahoma State,NA,NA,68,96,2023-11-20
401614679,UCF,Charlotte,NA,NA,74,71,2023-11-20
401575489,SMU,West Virginia,NA,NA,70,58,2023-11-20
401582127,Abilene Christian,Missouri State,NA,NA,69,87,2023-11-20
401581172,Green Bay,Montana State,NA,NA,54,53,2023-11-20
401598589,Navy,San Diego,NA,NA,59,67,2023-11-20
401579112,Mississippi Valley State,Santa Clara,NA,NA,39,81,2023-11-20
401599983,Bradley,Tulane,NA,NA,80,77,2023-11-20
401575405,North Dakota,Pacific,NA,NA,73,71,2023-11-20
401603137,UTEP,California,NA,NA,75,72,2023-11-21
401581595,Kansas,Marquette,1,4,59,73,2023-11-21
401581594,Tennessee,Purdue,7,2,67,71,2023-11-21
401576151,La Salle,Duke,NA,9,66,95,2023-11-21
401581596,Syracuse,Gonzaga,NA,11,57,76,2023-11-21
401603138,Florida State,Colorado,NA,18,77,71,2023-11-21
401581838,James Madison,Southern Illinois,22,NA,82,76,2023-11-21
401581581,Long Beach State,Iona,NA,NA,80,76,2023-11-21
401581544,Loyola Marymount,Florida International,NA,NA,61,60,2023-11-21
401574595,Binghamton,Sacred Heart,NA,NA,75,89,2023-11-21
401603140,Central Michigan,Stetson,NA,NA,61,71,2023-11-21
401598018,Prairie View A&M,Eastern Kentucky,NA,NA,76,64,2023-11-21
401581826,UNC Wilmington,Appalachian State,NA,NA,56,86,2023-11-21
401587136,Morgan State,Radford,NA,NA,72,82,2023-11-21
401579006,McNeese,Texas State,NA,NA,59,48,2023-11-21
401581582,Buffalo,Louisiana,NA,NA,60,68,2023-11-21
401581543,Oakland,Marshall,NA,NA,78,71,2023-11-21
401594130,Georgia Southern,Northeastern,NA,NA,76,93,2023-11-21
401594013,Northern Colorado,Chicago State,NA,NA,78,77,2023-11-21
401600072,Southern Utah,Louisiana Tech,NA,NA,53,67,2023-11-21
401590883,North Carolina Central,The Citadel,NA,NA,61,67,2023-11-21
401581597,UCLA,Chaminade,NA,NA,76,48,2023-11-21
401581576,Illinois State,High Point,NA,NA,72,74,2023-11-21
401581542,Drake,Akron,NA,NA,79,59,2023-11-21
401583612,Kennesaw State,East Carolina,NA,NA,84,85,2023-11-21
401598959,Midway,Bellarmine,NA,NA,56,77,2023-11-21
401593830,Indiana State,Rice,NA,NA,103,88,2023-11-21
401603139,UNLV,Richmond,NA,NA,65,82,2023-11-21
401597832,Boston University,Davidson,NA,NA,45,69,2023-11-21
401593993,Idaho State,Campbell,NA,NA,69,55,2023-11-21
401588593,South Carolina Upstate,Ball State,NA,NA,58,75,2023-11-21
401584401,Army,UAlbany,NA,NA,59,62,2023-11-21
401581351,Eastern Michigan,Detroit Mercy,NA,NA,76,72,2023-11-21
401577621,UMBC,Maryland,NA,NA,68,92,2023-11-21
401574607,Marist,New Hampshire,NA,NA,71,74,2023-11-21
401583746,Lehigh,Monmouth,NA,NA,79,88,2023-11-21
401587151,UAB,Middle Tennessee,NA,NA,58,57,2023-11-21
401584436,Blue Mountain,Nicholls,NA,NA,56,86,2023-11-21
401581578,Hofstra,Wright State,NA,NA,85,76,2023-11-21
401581541,Stephen F. Austin,Utah State,NA,NA,49,79,2023-11-21
401589493,Long Island University,Columbia,NA,NA,67,77,2023-11-21
401606135,Lynn,South Alabama,NA,NA,62,74,2023-11-21
401594437,Western Illinois,Valparaiso,NA,NA,66,73,2023-11-21
401583796,Alabama A&M,Auburn,NA,NA,54,84,2023-11-21
401581870,Texas Southern,Oral Roberts,NA,NA,63,65,2023-11-21
401578013,Alcorn State,TCU,NA,NA,74,93,2023-11-21
401603092,UC Irvine,Pepperdine,NA,NA,76,60,2023-11-21
401598567,Fresno State,New Mexico State,NA,NA,81,76,2023-11-21
401603141,Siena,Milwaukee,NA,NA,59,61,2023-11-21
401600442,Arkansas-Pine Bluff,Minnesota,NA,NA,67,86,2023-11-21
401594191,Green Bay,UC Riverside,NA,NA,68,74,2023-11-21
401594092,Le Moyne,Cal State Northridge,NA,NA,80,70,2023-11-21
401583853,New Mexico,Toledo,NA,NA,92,84,2023-11-21
401594073,Tennessee Tech,Presbyterian,NA,NA,NA,NA,2023-11-22
401581599,Tennessee,Kansas,7,1,NA,NA,2023-11-22
401606611,Sam Houston,Grambling,NA,NA,NA,NA,2023-11-22
401580923,Texas Tech,Villanova,NA,NA,NA,NA,2023-11-22
401604308,Austin Peay,Sacramento State,NA,NA,NA,NA,2023-11-22
401597954,Midway,Morehead State,NA,NA,NA,NA,2023-11-22
401587113,North Alabama,UT Martin,NA,NA,NA,NA,2023-11-22
401601495,Northern Colorado,Radford,NA,NA,NA,NA,2023-11-22
401593852,Ole Miss,Temple,NA,NA,NA,NA,2023-11-22
401577594,Loyola Chicago,Creighton,NA,8,NA,NA,2023-11-22
401581856,Princeton,Old Dominion,NA,NA,NA,NA,2023-11-22
401581815,Mid-America Christian,Omaha,NA,NA,NA,NA,2023-11-22
401579007,McNeese,Louisiana Tech,NA,NA,NA,NA,2023-11-22
401594343,Mount St. Mary's,American University,NA,NA,NA,NA,2023-11-22
401581598,Purdue,Marquette,2,4,NA,NA,2023-11-22
401604307,Tarleton State,Cal State Bakersfield,NA,NA,NA,NA,2023-11-22
401596808,The Citadel,Campbell,NA,NA,NA,NA,2023-11-22
401581579,Illinois State,Wright State,NA,NA,NA,NA,2023-11-22
401580924,Memphis,Michigan,NA,NA,NA,NA,2023-11-22
401575393,VMI,Air Force,NA,NA,NA,NA,2023-11-22
401581727,North Carolina A&T,Merrimack,NA,NA,NA,NA,2023-11-22
401603134,West Virginia,Virginia,NA,24,NA,NA,2023-11-22
401601496,Southern Illinois,New Mexico State,NA,NA,NA,NA,2023-11-22
401594231,Texas A&M-Corpus Christi,Northern Kentucky,NA,NA,NA,NA,2023-11-22
401581799,Baylor,Oregon State,13,NA,NA,NA,2023-11-22
401603537,Georgia Tech,Cincinnati,NA,NA,NA,NA,2023-11-22
401597847,Northern Vermont - Johnson,Vermont,NA,NA,NA,NA,2023-11-22
401594540,South Carolina State,Missouri,NA,NA,NA,NA,2023-11-22
401594424,Indiana State,Pepperdine,NA,NA,NA,NA,2023-11-22
401594172,East Tennessee State,Cleveland State,NA,NA,NA,NA,2023-11-22
401589380,Franciscan,St. Francis (PA),NA,NA,NA,NA,2023-11-22
401583716,Fairleigh Dickinson,Queens University,NA,NA,NA,NA,2023-11-22
401582013,Maryland-Eastern Shore,Notre Dame,NA,NA,NA,NA,2023-11-22
401577564,Maine,South Florida,NA,NA,NA,NA,2023-11-22
401575418,Bucknell,St. Bonaventure,NA,NA,NA,NA,2023-11-22
401580925,Stanford,Arkansas,NA,20,NA,NA,2023-11-22
401581577,High Point,Hofstra,NA,NA,NA,NA,2023-11-22
401579100,Alabama State,Samford,NA,NA,NA,NA,2023-11-22
401602360,Alcorn State,UT Arlington,NA,NA,NA,NA,2023-11-22
401597430,Jacksonville State,Incarnate Word,NA,NA,NA,NA,2023-11-22
401590229,South Dakota State,Southern Miss,NA,NA,NA,NA,2023-11-22
401583737,Idaho,Seattle U,NA,NA,NA,NA,2023-11-22
401574835,Duquesne,Nebraska,NA,NA,NA,NA,2023-11-22
401574412,Central Arkansas,Kansas State,NA,NA,NA,NA,2023-11-22
401601497,James Madison,Fresno State,22,NA,NA,NA,2023-11-22
401603135,SMU,Wisconsin,NA,NA,NA,NA,2023-11-22
401601136,Westmont,UC Santa Barbara,NA,NA,NA,NA,2023-11-22
401594593,Colorado Christian,Denver,NA,NA,NA,NA,2023-11-22
401593973,Walla Walla,Eastern Washington,NA,NA,NA,NA,2023-11-22
401587160,Purdue Fort Wayne,San Francisco,NA,NA,NA,NA,2023-11-22
401581173,UC Riverside,Montana State,NA,NA,NA,NA,2023-11-22
401581800,Florida,Pittsburgh,NA,NA,NA,NA,2023-11-22
401581601,Syracuse,Chaminade,NA,NA,NA,NA,2023-11-22
401593831,New Mexico,Rice,NA,NA,NA,NA,2023-11-22
401604310,Bradley,UTEP,NA,NA,NA,NA,2023-11-22
401583854,Toledo,UC Irvine,NA,NA,NA,NA,2023-11-22
401581600,Gonzaga,UCLA,11,NA,NA,NA,2023-11-22
401594073,Northern Arizona,Hawai'i,NA,NA,61,70,2023-11-22
401581599,Northern Iowa,North Carolina,NA,14,69,91,2023-11-22
401606611,Buffalo,Iona,NA,NA,64,89,2023-11-22
401580923,Appalachian State,Murray State,NA,NA,67,57,2023-11-22
401604308,Chicago State,Morgan State,NA,NA,84,83,2023-11-22
401597954,Georgia State,Little Rock,NA,NA,93,90,2023-11-22
401587113,Texas State,Southern Utah,NA,NA,67,74,2023-11-22
401601495,Colorado State,Boston College,NA,NA,86,74,2023-11-22
401593852,Louisiana,Long Beach State,NA,NA,92,82,2023-11-22
401577594,Northland,South Dakota,NA,NA,48,100,2023-11-22
401581856,Johnson & Wales (RI),Rhode Island,NA,NA,59,97,2023-11-22
401581815,Harvard,Colgate,NA,NA,76,70,2023-11-22
401579007,Central Connecticut,Massachusetts,NA,NA,60,89,2023-11-22
401581334,Penn State,Texas A&M,NA,12,NA,NA,2023-11-23
401581519,Texas Tech,Northern Iowa,NA,NA,NA,NA,2023-11-23
401581585,Loyola Chicago,Boston College,NA,NA,NA,NA,2023-11-23
401581520,Villanova,North Carolina,NA,14,NA,NA,2023-11-23
401581165,Florida Atlantic,Butler,19,NA,NA,NA,2023-11-23
401586849,Oklahoma,Iowa,NA,NA,NA,NA,2023-11-23
401592391,Arizona,Michigan State,3,21,NA,NA,2023-11-23
401581586,Colorado State,Creighton,NA,8,NA,NA,2023-11-23
401581521,Arkansas,Memphis,20,NA,NA,NA,2023-11-23
401586850,Seton Hall,USC,NA,23,NA,NA,2023-11-23
401581335,Iowa State,VCU,NA,NA,NA,NA,2023-11-23
401581522,Stanford,Michigan,NA,NA,NA,NA,2023-11-23
401581336,Boise State,Virginia Tech,NA,NA,NA,NA,2023-11-23
401582151,NC State,Vanderbilt,NA,NA,NA,NA,2023-11-23
401582152,BYU,Arizona State,NA,NA,NA,NA,2023-11-23
401581334,California,Tulane,NA,NA,81,84,2023-11-23
401581565,Texas A&M,Florida Atlantic,12,19,NA,NA,2023-11-24
401582159,Kansas City,UNC Greensboro,NA,NA,NA,NA,2023-11-24
401577607,Mercer,Tennessee State,NA,NA,NA,NA,2023-11-24
401581524,Bryant,Xavier,NA,NA,NA,NA,2023-11-24
401592095,Arkansas,North Carolina,20,14,NA,NA,2023-11-24
401581090,Jacksonville State,UTSA,NA,NA,NA,NA,2023-11-24
401581567,Charleston Southern,Wake Forest,NA,NA,NA,NA,2023-11-24
401577660,Penn State,Butler,NA,NA,NA,NA,2023-11-24
401591370,Brown,Delaware,NA,NA,NA,NA,2023-11-24
401606613,Manhattan,UConn,NA,5,NA,NA,2023-11-24
401593934,Nicholls,Mississippi State,NA,25,NA,NA,2023-11-24
401588594,Lipscomb,UNC Asheville,NA,NA,NA,NA,2023-11-24
401587216,Arkansas-Pine Bluff,Ball State,NA,NA,NA,NA,2023-11-24
401583855,Evansville,Chattanooga,NA,NA,NA,NA,2023-11-24
401581728,Indiana State,Toledo,NA,NA,NA,NA,2023-11-24
401576636,Alabama State,North Carolina A&T,NA,NA,NA,NA,2023-11-24
401575762,Long Island University,Texas A&M-Corpus Christi,NA,NA,NA,NA,2023-11-24
401581764,Belmont,Monmouth,NA,NA,NA,NA,2023-11-24
401597906,SE Louisiana,Western Michigan,NA,NA,NA,NA,2023-11-24
401582119,Delaware State,Longwood,NA,NA,NA,NA,2023-11-24
401586851,Oregon State,Pittsburgh,NA,NA,NA,NA,2023-11-24
401581523,USC,Oklahoma,23,NA,NA,NA,2023-11-24
401575437,Memphis,Villanova,NA,NA,NA,NA,2023-11-24
401599987,Montana,Houston,NA,6,NA,NA,2023-11-24
401597833,Jacksonville,Robert Morris,NA,NA,NA,NA,2023-11-24
401580929,Davidson,Saint Mary's,NA,NA,NA,NA,2023-11-24
401579101,Utah Tech,Washington State,NA,NA,NA,NA,2023-11-24
401593832,Merrimack,Samford,NA,NA,NA,NA,2023-11-24
401594250,Rice,UC Irvine,NA,NA,NA,NA,2023-11-24
401581530,Canisius,Wofford,NA,NA,NA,NA,2023-11-24
401577710,Lafayette,Pennsylvania,NA,NA,NA,NA,2023-11-24
401594531,Middle Tennessee,UIC,NA,NA,NA,NA,2023-11-24
401591569,Winthrop,Georgia,NA,NA,NA,NA,2023-11-24
401582118,Grambling,Troy,NA,NA,NA,NA,2023-11-24
401581566,Baylor,Florida,13,NA,NA,NA,2023-11-24
401576152,Iowa State,Virginia Tech,NA,NA,NA,NA,2023-11-24
401586852,Southern Indiana,Duke,NA,9,NA,NA,2023-11-24
401583738,Seton Hall,Iowa,NA,NA,NA,NA,2023-11-24
401581785,Idaho,UC San Diego,NA,NA,NA,NA,2023-11-24
401581525,Lamar,Bethune-Cookman,NA,NA,NA,NA,2023-11-24
401603093,Michigan,Texas Tech,NA,NA,NA,NA,2023-11-24
401581847,Pepperdine,New Mexico,NA,NA,NA,NA,2023-11-24
401577636,Marshall,Kentucky,NA,16,NA,NA,2023-11-24
401608089,Alabama,Ohio State,17,NA,NA,NA,2023-11-24
401604370,Western Kentucky,Bowling Green,NA,NA,NA,NA,2023-11-24
401581159,Alabama A&M,East Tennessee State,NA,NA,NA,NA,2023-11-24
401581075,Lehigh,Providence,NA,NA,NA,NA,2023-11-24
401577532,George Washington,Ohio,NA,NA,NA,NA,2023-11-24
401574608,Youngstown State,Dayton,NA,NA,NA,NA,2023-11-24
401604297,New Hampshire,Fairfield,NA,NA,NA,NA,2023-11-24
401603541,Hawai'i,UT Rio Grande Valley,NA,NA,NA,NA,2023-11-24
401584452,Houston Christian,Oklahoma State,NA,NA,NA,NA,2023-11-24
401584340,Western Colorado,Utah Valley,NA,NA,NA,NA,2023-11-24
401583762,North Florida,LSU,NA,NA,NA,NA,2023-11-24
401582154,Alcorn State,Clemson,NA,NA,NA,NA,2023-11-24
401581568,Vanderbilt,Arizona State,NA,NA,NA,NA,2023-11-24
401581526,VCU,Boise State,NA,NA,NA,NA,2023-11-24
401584514,Stanford,Northern Iowa,NA,NA,NA,NA,2023-11-24
401579113,Western Illinois,Illinois,NA,NA,NA,NA,2023-11-24
401594093,Oregon,Santa Clara,NA,NA,NA,NA,2023-11-24
401582153,Mississippi Valley State,Cal State Northridge,NA,NA,NA,NA,2023-11-24
401575406,NC State,BYU,NA,NA,NA,NA,2023-11-24
401604298,Le Moyne,Pacific,NA,NA,NA,NA,2023-11-24
401581518,Arkansas State,San Diego,NA,NA,NA,NA,2023-11-24
